id,remitente_id,destinatario_id,monto,fecha,tipo
0,204,515,990.33,2020-08-26 02:18:47,transferencia
1,398,1232,793.32,2023-04-05 12:57:20,pago
2,950,1009,167.94,2020-05-08 20:09:04,pago
3,886,783,630.06,2021-11-15 01:48:40,transferencia
4,976,75,99.61,2021-09-26 01:15:20,transferencia
5,743,1517,725.14,2022-02-27 03:05:53,pago
6,697,797,768.51,2023-07-17 08:11:42,transferencia
7,659,664,823.6,2023-04-14 21:15:55,transferencia
8,817,97,95.08,2020-12-31 04:58:38,transferencia
9,898,1040,207.58,2022-07-02 15:26:07,pago
10,85,720,969.62,2020-05-22 21:06:24,transferencia
11,191,1363,439.11,2021-12-04 10:43:50,pago
12,479,501,933.22,2023-08-22 06:33:55,transferencia
13,923,68,669.73,2021-07-27 00:48:15,transferencia
14,677,1768,862.0,2023-09-30 03:45:07,pago
15,774,298,880.23,2020-07-30 06:09:45,transferencia
16,819,1450,307.4,2021-06-22 12:15:41,pago
17,44,837,519.54,2023-11-04 11:09:05,transferencia
18,842,1189,232.77,2020-04-11 00:18:01,pago
19,165,1384,818.56,2022-11-05 23:17:35,pago
20,306,579,881.12,2022-12-07 14:45:13,transferencia
21,126,440,914.67,2020-05-23 17:09:18,transferencia
22,447,1725,291.22,2022-06-07 12:15:35,pago
23,524,1539,121.38,2020-03-30 06:37:27,pago
24,360,391,127.2,2022-07-06 00:15:19,transferencia
25,73,866,934.64,2023-12-14 08:08:07,transferencia
26,630,1449,539.19,2023-08-19 20:15:24,pago
27,892,1023,872.1,2023-08-06 10:42:16,pago
28,651,423,402.14,2021-07-31 00:28:54,transferencia
29,988,1508,80.73,2020-07-22 06:27:50,pago
30,750,1472,119.97,2023-05-07 10:26:41,pago
31,143,1353,125.31,2021-11-05 05:21:16,pago
32,191,150,437.9,2020-07-11 08:37:31,transferencia
33,624,1239,449.1,2020-11-23 02:05:20,pago
34,726,1181,818.97,2021-07-03 17:30:44,pago
35,596,263,211.67,2020-08-28 10:32:46,transferencia
36,165,351,514.33,2023-03-04 11:50:11,transferencia
37,119,148,41.91,2022-03-22 14:05:39,transferencia
38,549,1364,602.15,2022-05-19 07:07:38,pago
39,366,90,182.58,2022-11-12 23:06:09,transferencia
40,748,1042,854.96,2020-09-15 21:35:47,pago
41,742,1022,231.13,2022-08-20 20:11:02,pago
42,823,1758,907.15,2022-05-30 04:25:17,pago
43,959,1837,823.06,2021-07-13 07:21:41,pago
44,959,136,182.22,2022-06-09 12:07:37,transferencia
45,181,712,270.57,2023-01-05 02:36:46,transferencia
46,817,1908,839.31,2021-07-30 09:31:32,pago
47,553,1004,612.79,2021-06-27 12:45:31,pago
48,476,1139,811.95,2022-07-09 13:53:59,pago
49,749,593,478.65,2020-02-22 08:42:25,transferencia
50,399,1314,292.87,2021-06-27 23:21:24,pago
51,19,849,422.57,2023-07-16 11:14:05,transferencia
52,733,827,349.91,2023-02-01 15:55:29,transferencia
53,195,374,147.49,2021-07-25 12:51:09,transferencia
54,532,1846,544.66,2022-05-22 17:51:52,pago
55,195,108,65.64,2020-11-26 12:32:28,transferencia
56,87,430,905.66,2023-05-04 00:54:53,transferencia
57,459,789,174.62,2021-02-23 09:59:22,transferencia
58,155,522,329.44,2020-05-20 14:53:16,transferencia
59,690,1841,27.02,2021-08-17 13:32:22,pago
60,226,896,125.37,2022-12-11 05:48:33,transferencia
61,42,578,621.71,2023-09-15 19:42:51,transferencia
62,218,1763,697.33,2020-06-09 22:52:10,pago
63,740,1240,544.43,2020-09-11 04:25:13,pago
64,22,87,861.67,2023-08-21 09:28:10,transferencia
65,429,1169,676.55,2022-04-16 15:04:34,pago
66,40,556,154.09,2023-05-17 14:47:13,transferencia
67,823,1433,911.0,2020-05-06 14:48:34,pago
68,997,1467,298.97,2023-07-05 17:12:00,pago
69,29,1005,525.7,2022-01-12 14:35:33,pago
70,764,1560,362.29,2021-01-15 10:04:35,pago
71,283,986,975.7,2020-08-08 14:54:10,transferencia
72,744,493,280.02,2020-12-02 16:59:52,transferencia
73,186,719,573.69,2023-12-03 12:46:59,transferencia
74,909,1222,393.76,2021-08-01 06:33:33,pago
75,318,1579,641.1,2023-05-30 05:18:18,pago
76,504,1301,997.57,2022-06-11 17:53:41,pago
77,148,394,954.21,2021-03-29 06:11:24,transferencia
78,925,1973,560.72,2023-04-05 18:44:58,pago
79,408,608,601.24,2023-04-01 00:34:19,transferencia
80,464,1106,255.58,2023-03-17 16:09:13,pago
81,593,1939,891.91,2021-03-02 19:37:03,pago
82,588,1776,305.05,2022-03-11 15:41:24,pago
83,486,1072,173.91,2022-03-06 08:13:37,pago
84,401,167,810.54,2020-09-30 00:45:05,transferencia
85,684,836,587.17,2021-11-18 11:20:26,transferencia
86,170,429,410.19,2023-12-18 05:13:32,transferencia
87,511,951,308.35,2022-09-01 06:38:05,transferencia
88,919,1550,198.1,2023-06-09 04:43:52,pago
89,335,396,687.47,2023-12-08 18:37:53,transferencia
90,518,1431,189.59,2023-12-27 16:25:49,pago
91,766,570,787.14,2022-04-12 02:44:11,transferencia
92,140,1559,436.59,2020-04-18 03:53:23,pago
93,448,1020,830.83,2023-12-17 06:13:46,pago
94,32,184,681.18,2020-03-02 18:01:00,transferencia
95,483,1265,256.55,2020-01-03 09:57:46,pago
96,146,666,638.19,2022-05-26 20:50:46,transferencia
97,517,900,672.9,2020-12-09 17:29:27,transferencia
98,465,1922,328.05,2020-12-09 15:07:36,pago
99,869,1143,907.09,2023-12-22 22:53:04,pago
100,692,1433,257.72,2022-06-12 21:28:25,pago
101,469,846,637.57,2022-08-02 12:24:08,transferencia
102,784,1807,704.96,2022-04-13 20:26:59,pago
103,955,432,608.82,2020-07-13 10:48:27,transferencia
104,464,282,729.17,2023-09-02 01:38:13,transferencia
105,166,135,917.5,2020-10-25 10:05:57,transferencia
106,178,773,120.43,2022-12-27 21:35:03,transferencia
107,654,1714,407.15,2022-04-23 04:28:09,pago
108,419,975,545.99,2021-06-03 00:12:53,transferencia
109,15,1790,698.59,2021-10-28 02:07:52,pago
110,480,315,32.56,2022-01-09 20:48:32,transferencia
111,108,32,460.25,2020-10-14 13:31:40,transferencia
112,883,781,222.12,2021-04-30 12:15:35,transferencia
113,54,1099,137.74,2020-11-09 11:40:36,pago
114,237,1370,106.9,2021-01-28 14:50:51,pago
115,758,1652,194.58,2022-04-19 08:31:44,pago
116,214,289,280.47,2023-09-28 01:20:15,transferencia
117,778,1188,214.14,2021-07-21 02:45:19,pago
118,812,1492,68.86,2023-04-29 21:58:34,pago
119,205,1301,625.23,2021-05-29 01:54:43,pago
120,964,822,67.92,2021-08-06 19:04:54,transferencia
121,248,1671,26.15,2020-06-19 21:38:35,pago
122,332,102,991.43,2023-06-05 21:20:58,transferencia
123,653,1942,867.13,2020-01-24 06:22:32,pago
124,131,1508,42.23,2021-12-08 14:58:25,pago
125,938,2,46.11,2020-09-08 08:14:44,transferencia
126,42,1169,966.39,2022-02-03 01:50:09,pago
127,386,1667,417.3,2023-10-11 16:11:40,pago
128,106,38,177.3,2022-01-20 19:28:31,transferencia
129,738,1757,204.23,2023-01-11 14:31:23,pago
130,637,899,157.75,2022-04-24 06:25:14,transferencia
131,422,980,787.2,2022-05-24 14:43:47,transferencia
132,363,880,510.45,2023-04-03 08:42:09,transferencia
133,65,1223,26.32,2021-04-06 21:07:58,pago
134,437,1550,89.14,2022-02-17 02:36:23,pago
135,193,1720,628.98,2021-09-03 19:24:28,pago
136,976,1301,393.9,2022-08-05 16:30:36,pago
137,541,1864,281.47,2022-07-23 19:54:05,pago
138,175,1825,32.93,2021-10-19 16:10:38,pago
139,194,930,856.22,2023-08-02 08:53:10,transferencia
140,52,757,598.79,2023-07-01 22:04:06,transferencia
141,95,600,575.13,2023-06-21 12:54:40,transferencia
142,92,1946,756.07,2023-12-28 16:40:34,pago
143,312,863,692.46,2021-07-31 21:20:56,transferencia
144,574,1985,440.65,2022-04-09 18:20:48,pago
145,644,1138,486.06,2020-11-24 12:27:45,pago
146,353,1230,341.34,2022-05-08 02:47:05,pago
147,121,1743,604.72,2021-11-15 12:02:56,pago
148,470,1981,978.99,2020-11-03 10:48:44,pago
149,948,1546,209.29,2021-11-02 09:13:18,pago
150,267,1354,30.95,2023-08-05 08:26:35,pago
151,845,1398,192.18,2020-09-01 06:21:25,pago
152,837,1611,301.72,2021-01-21 00:18:25,pago
153,871,1127,782.34,2021-06-10 18:16:06,pago
154,371,1313,936.11,2020-11-08 02:12:44,pago
155,749,684,805.48,2020-07-23 03:15:40,transferencia
156,870,90,301.59,2022-12-18 16:51:18,transferencia
157,257,1669,917.34,2023-01-12 07:50:06,pago
158,374,1684,220.72,2020-07-31 02:05:51,pago
159,505,1213,526.52,2022-04-22 10:23:58,pago
160,38,1060,572.81,2023-04-28 05:02:20,pago
161,385,882,895.07,2023-10-26 00:00:57,transferencia
162,582,1773,829.84,2021-02-21 11:52:05,pago
163,622,912,286.67,2022-01-05 03:29:15,transferencia
164,250,1032,903.59,2022-01-15 18:07:56,pago
165,119,1799,636.97,2020-08-28 20:36:35,pago
166,247,1964,913.87,2023-05-12 09:35:13,pago
167,400,277,111.1,2022-01-31 20:44:02,transferencia
168,544,213,778.72,2023-12-23 04:18:06,transferencia
169,801,1577,340.49,2020-11-29 10:53:06,pago
170,188,1872,107.04,2022-07-28 10:58:58,pago
171,403,659,79.36,2021-02-09 05:53:46,transferencia
172,555,314,85.25,2020-02-13 08:50:27,transferencia
173,36,1861,956.15,2022-09-06 22:44:15,pago
174,201,219,141.8,2020-07-15 15:34:46,transferencia
175,108,1464,946.39,2022-07-31 12:58:54,pago
176,991,1504,893.04,2021-09-08 23:55:59,pago
177,908,1734,373.86,2022-12-02 01:20:49,pago
178,220,998,225.23,2021-01-07 02:12:19,transferencia
179,157,810,572.42,2023-02-08 18:09:24,transferencia
180,615,681,866.52,2021-04-17 20:02:00,transferencia
181,30,115,144.9,2022-02-06 04:45:55,transferencia
182,10,643,161.49,2021-08-04 20:57:43,transferencia
183,331,1990,748.89,2023-05-15 08:56:17,pago
184,367,1944,989.62,2023-06-19 09:26:37,pago
185,536,779,975.82,2023-02-09 11:16:20,transferencia
186,21,716,502.77,2022-11-16 08:59:24,transferencia
187,831,436,537.97,2022-04-21 23:32:11,transferencia
188,459,561,824.53,2022-06-17 08:09:52,transferencia
189,581,1512,327.92,2021-07-05 16:51:58,pago
190,487,726,96.42,2021-08-31 22:49:31,transferencia
191,211,1077,759.03,2023-06-22 16:50:05,pago
192,667,375,810.5,2020-01-03 07:58:38,transferencia
193,38,1896,601.93,2022-01-18 06:13:11,pago
194,599,6,961.44,2022-10-04 19:40:05,transferencia
195,559,1346,853.96,2021-05-02 16:15:32,pago
196,33,1057,135.11,2022-06-18 10:02:27,pago
197,128,1937,403.73,2021-05-26 06:35:01,pago
198,357,1767,809.24,2023-04-22 21:11:39,pago
199,288,1098,398.17,2023-06-15 21:46:43,pago
200,508,1186,820.06,2020-05-10 00:49:48,pago
201,702,1266,946.94,2022-02-27 00:21:17,pago
202,432,9,803.91,2023-02-08 20:33:50,transferencia
203,234,1435,89.06,2022-06-24 14:28:26,pago
204,660,1031,93.4,2022-09-21 14:45:29,pago
205,638,978,219.66,2020-02-24 16:30:04,transferencia
206,411,985,578.75,2021-05-29 16:33:15,transferencia
207,235,1061,688.29,2023-04-04 06:03:40,pago
208,877,1396,349.21,2022-10-05 15:13:38,pago
209,845,75,130.7,2020-06-28 14:42:33,transferencia
210,352,1043,587.66,2022-09-06 09:53:00,pago
211,167,685,581.03,2020-12-20 18:06:50,transferencia
212,510,334,463.56,2022-09-15 02:16:44,transferencia
213,408,1306,816.78,2023-07-16 02:26:20,pago
214,881,373,814.4,2023-10-10 20:46:20,transferencia
215,951,1160,777.34,2021-03-30 09:01:08,pago
216,320,710,127.23,2023-05-26 01:46:32,transferencia
217,138,853,417.94,2022-08-18 07:23:25,transferencia
218,454,172,667.32,2021-12-09 06:48:11,transferencia
219,499,877,757.12,2022-02-17 07:59:58,transferencia
220,64,477,187.08,2021-01-03 07:18:22,transferencia
221,617,325,915.72,2021-07-26 10:52:36,transferencia
222,426,866,524.72,2021-03-07 11:26:00,transferencia
223,169,891,780.64,2023-07-09 14:40:11,transferencia
224,437,1886,318.54,2021-04-24 11:38:58,pago
225,265,1160,198.27,2022-10-04 08:53:34,pago
226,494,171,462.75,2020-02-27 14:59:56,transferencia
227,788,533,483.66,2022-12-10 05:53:38,transferencia
228,918,862,618.68,2022-11-10 18:17:48,transferencia
229,237,1299,140.39,2023-07-29 05:21:43,pago
230,357,215,59.41,2021-07-09 08:44:52,transferencia
231,153,597,512.29,2021-03-16 09:30:59,transferencia
232,364,1083,122.3,2020-07-20 05:37:17,pago
233,934,926,167.92,2021-04-22 12:44:17,transferencia
234,282,311,184.81,2020-03-23 07:26:03,transferencia
235,295,1400,858.54,2023-06-10 17:49:15,pago
236,70,1176,368.02,2021-01-12 22:10:54,pago
237,471,622,384.18,2021-05-17 18:40:57,transferencia
238,483,1993,198.67,2020-05-21 18:56:41,pago
239,686,237,372.28,2021-07-21 16:55:41,transferencia
240,370,442,503.66,2023-02-06 10:15:41,transferencia
241,607,601,140.92,2021-09-08 09:54:36,transferencia
242,905,627,818.45,2021-09-07 23:16:23,transferencia
243,66,1715,904.82,2021-03-02 10:53:41,pago
244,315,1139,257.98,2023-07-28 16:14:02,pago
245,871,186,655.14,2023-12-17 10:14:04,transferencia
246,669,872,685.22,2023-01-12 16:34:23,transferencia
247,507,1752,133.06,2021-02-10 16:03:58,pago
248,340,679,76.93,2023-05-02 18:09:12,transferencia
249,228,702,171.12,2022-05-30 14:44:57,transferencia
250,338,1831,700.38,2021-09-06 11:27:06,pago
251,619,284,789.74,2023-07-02 17:55:38,transferencia
252,940,97,608.97,2022-05-01 17:11:14,transferencia
253,883,60,144.9,2020-04-29 08:43:35,transferencia
254,700,549,284.21,2023-01-30 04:42:00,transferencia
255,220,1178,587.59,2022-08-14 10:10:19,pago
256,662,1200,302.33,2020-04-24 14:21:46,pago
257,458,59,889.11,2022-01-23 10:54:51,transferencia
258,60,359,639.3,2020-05-04 14:57:20,transferencia
259,169,1392,935.49,2020-10-10 04:35:19,pago
260,481,96,445.87,2023-01-28 01:03:57,transferencia
261,364,141,863.78,2023-10-29 14:06:58,transferencia
262,665,1630,775.0,2020-05-08 15:45:33,pago
263,920,1020,578.06,2022-07-09 06:53:46,pago
264,36,1616,417.57,2022-10-24 21:07:10,pago
265,271,267,588.21,2022-08-26 23:04:41,transferencia
266,863,1071,104.23,2021-03-31 17:47:30,pago
267,642,155,367.86,2020-06-20 10:34:40,transferencia
268,78,1291,289.32,2021-06-06 01:47:33,pago
269,493,1247,224.89,2023-03-05 22:25:01,pago
270,715,355,751.59,2021-03-13 09:40:50,transferencia
271,966,730,339.69,2022-08-30 03:03:55,transferencia
272,242,362,750.5,2023-09-27 04:01:55,transferencia
273,772,1822,760.01,2021-09-09 07:46:54,pago
274,92,1893,535.81,2020-10-04 07:14:51,pago
275,508,336,100.74,2022-07-17 18:20:56,transferencia
276,879,1777,359.49,2020-03-20 07:40:04,pago
277,444,735,58.97,2022-03-20 15:36:57,transferencia
278,143,979,769.51,2021-09-30 02:54:47,transferencia
279,947,1141,88.05,2023-01-29 04:53:11,pago
280,245,1721,339.17,2022-04-29 15:02:42,pago
281,885,1254,252.83,2022-06-18 13:07:22,pago
282,115,1367,897.37,2022-02-16 01:20:03,pago
283,951,1048,876.75,2023-07-31 16:15:11,pago
284,222,1610,862.04,2021-08-12 13:02:38,pago
285,262,1821,510.2,2022-07-20 00:31:26,pago
286,670,293,377.05,2020-07-21 18:30:33,transferencia
287,544,1444,93.09,2023-03-09 06:58:27,pago
288,937,602,441.94,2020-02-27 22:04:26,transferencia
289,622,1731,242.65,2020-05-29 19:48:12,pago
290,641,45,616.6,2023-10-17 03:38:39,transferencia
291,116,1578,478.35,2020-09-08 12:13:34,pago
292,410,1596,621.76,2021-08-13 08:23:40,pago
293,962,1387,955.51,2023-09-17 11:03:42,pago
294,145,787,401.88,2022-10-22 18:13:03,transferencia
295,894,655,662.96,2022-09-29 22:58:31,transferencia
296,352,973,158.06,2023-08-06 15:19:09,transferencia
297,856,1441,367.23,2021-11-05 09:46:25,pago
298,802,755,219.15,2021-12-02 20:50:35,transferencia
299,627,686,377.3,2020-10-14 14:00:02,transferencia
300,95,995,484.2,2022-11-17 23:00:08,transferencia
301,460,217,482.4,2021-09-01 20:56:30,transferencia
302,35,1839,917.77,2022-05-29 00:19:08,pago
303,581,1267,881.02,2020-05-12 00:41:29,pago
304,947,1286,885.81,2022-10-17 23:27:02,pago
305,265,101,478.64,2020-11-21 00:14:24,transferencia
306,207,1025,176.59,2023-09-20 14:17:37,pago
307,161,1244,658.46,2022-05-28 20:46:29,pago
308,429,1142,186.38,2021-07-16 21:30:25,pago
309,668,1736,99.93,2020-10-27 10:42:39,pago
310,645,1023,710.5,2021-10-15 21:50:13,pago
311,795,1343,262.18,2022-04-30 04:59:42,pago
312,894,1459,634.79,2021-07-20 15:11:36,pago
313,423,506,539.96,2020-05-08 23:53:08,transferencia
314,796,1949,930.28,2022-11-03 03:12:05,pago
315,396,1280,919.31,2020-06-15 04:05:41,pago
316,61,567,50.17,2022-08-12 06:26:00,transferencia
317,225,1589,341.5,2022-11-19 12:04:21,pago
318,909,19,601.01,2023-02-12 20:44:39,transferencia
319,356,1943,161.11,2023-07-08 23:00:21,pago
320,222,1438,226.42,2020-10-08 17:55:15,pago
321,619,593,843.66,2021-06-25 10:00:49,transferencia
322,490,738,28.73,2022-01-21 04:58:23,transferencia
323,573,1466,751.28,2020-12-16 02:45:09,pago
324,17,1978,472.63,2021-12-25 16:46:30,pago
325,872,1157,453.72,2023-10-12 13:34:28,pago
326,765,756,97.09,2020-02-18 09:03:35,transferencia
327,46,1264,252.76,2021-11-26 19:55:18,pago
328,925,11,786.64,2023-10-19 18:49:55,transferencia
329,63,248,978.61,2023-11-16 17:47:04,transferencia
330,136,1667,242.63,2020-02-12 09:35:39,pago
331,719,514,69.03,2022-01-20 22:33:02,transferencia
332,786,1317,397.06,2020-12-06 18:04:49,pago
333,500,1969,327.7,2020-04-19 13:10:22,pago
334,541,1983,985.69,2023-08-31 21:17:27,pago
335,885,1178,895.13,2021-04-24 10:51:47,pago
336,400,905,743.04,2022-03-23 00:47:09,transferencia
337,93,1500,661.77,2021-09-29 14:10:14,pago
338,908,389,14.91,2021-12-13 22:32:40,transferencia
339,656,855,66.68,2020-07-24 03:12:58,transferencia
340,670,1173,434.45,2023-07-22 14:01:35,pago
341,591,598,290.99,2021-09-26 04:23:46,transferencia
342,327,930,544.48,2023-10-10 03:28:23,transferencia
343,722,686,811.97,2022-07-13 01:22:55,transferencia
344,626,72,750.03,2023-01-27 18:57:39,transferencia
345,513,807,391.81,2022-12-18 12:15:45,transferencia
346,703,1022,750.37,2020-10-04 18:50:18,pago
347,771,290,928.67,2023-07-17 02:42:18,transferencia
348,650,1409,600.22,2021-03-25 23:19:10,pago
349,54,7,254.14,2021-11-22 10:08:07,transferencia
350,791,363,291.86,2022-01-20 07:35:16,transferencia
351,845,726,332.16,2023-08-06 14:51:58,transferencia
352,912,534,820.13,2020-12-29 23:07:01,transferencia
353,533,526,847.31,2023-07-28 18:08:33,transferencia
354,694,709,823.61,2021-02-15 20:36:09,transferencia
355,751,874,396.46,2020-08-21 05:51:57,transferencia
356,849,1505,472.81,2021-10-09 17:44:48,pago
357,310,405,371.62,2020-05-08 11:20:21,transferencia
358,782,1493,590.76,2021-03-18 02:36:34,pago
359,968,53,145.74,2023-01-07 02:23:56,transferencia
360,638,1271,404.94,2020-09-03 14:46:45,pago
361,691,1898,216.36,2020-03-13 18:14:43,pago
362,316,1304,815.33,2022-02-08 04:22:18,pago
363,795,482,234.09,2022-02-25 08:16:11,transferencia
364,938,510,788.61,2022-04-10 22:57:16,transferencia
365,412,113,947.65,2021-09-11 12:30:23,transferencia
366,989,667,275.98,2022-11-06 16:23:20,transferencia
367,911,988,519.61,2020-08-12 08:59:30,transferencia
368,780,1525,939.97,2022-11-01 19:06:53,pago
369,664,1087,438.28,2023-05-09 00:20:08,pago
370,558,1584,576.54,2022-01-21 13:52:11,pago
371,574,195,821.73,2023-12-27 04:41:49,transferencia
372,696,1842,933.88,2021-12-24 21:41:41,pago
373,236,794,250.31,2020-10-07 02:19:28,transferencia
374,670,504,294.94,2022-03-16 15:32:27,transferencia
375,323,720,927.24,2022-03-24 16:07:03,transferencia
376,154,425,262.83,2022-04-30 18:50:48,transferencia
377,659,1507,948.23,2020-10-13 16:35:06,pago
378,35,462,938.07,2022-11-13 09:12:12,transferencia
379,249,1652,419.94,2021-05-11 04:58:03,pago
380,837,146,861.59,2023-05-07 10:08:36,transferencia
381,493,368,302.08,2020-11-05 20:23:04,transferencia
382,967,684,984.52,2021-05-28 05:09:46,transferencia
383,513,961,23.94,2022-02-27 00:25:56,transferencia
384,29,106,657.64,2021-01-13 04:52:18,transferencia
385,259,403,509.23,2022-02-27 19:16:58,transferencia
386,693,479,27.98,2022-04-23 09:07:58,transferencia
387,829,1455,405.29,2021-04-16 08:50:28,pago
388,437,561,309.0,2020-04-14 05:13:22,transferencia
389,70,689,625.9,2022-08-19 15:17:18,transferencia
390,45,244,407.91,2022-10-19 18:48:13,transferencia
391,460,1957,804.52,2020-07-30 03:25:44,pago
392,335,393,487.77,2023-12-18 12:28:34,transferencia
393,10,368,209.82,2020-04-23 20:53:24,transferencia
394,534,1421,782.77,2023-05-30 06:38:47,pago
395,955,720,38.67,2020-02-14 14:38:04,transferencia
396,134,1011,997.4,2020-10-16 12:19:02,pago
397,279,1320,909.91,2023-04-29 05:59:52,pago
398,140,712,462.55,2023-03-02 04:17:28,transferencia
399,210,1735,498.36,2023-01-02 10:02:28,pago
400,901,24,415.81,2020-02-26 20:34:56,transferencia
401,757,365,186.15,2022-06-10 11:58:20,transferencia
402,92,1398,410.34,2022-07-15 09:48:04,pago
403,549,663,129.62,2022-11-14 12:57:41,transferencia
404,801,1436,955.56,2022-07-30 09:23:36,pago
405,70,50,675.1,2021-11-02 06:52:45,transferencia
406,566,508,520.39,2021-12-17 13:58:28,transferencia
407,207,1243,123.9,2021-12-19 17:04:12,pago
408,870,1733,277.69,2023-03-21 23:40:14,pago
409,795,1548,973.13,2023-09-26 06:36:43,pago
410,464,1233,897.54,2022-07-10 16:20:45,pago
411,20,1568,505.97,2023-07-14 13:34:40,pago
412,28,1715,313.15,2021-09-23 22:12:21,pago
413,82,1033,263.52,2023-01-14 10:30:38,pago
414,212,920,259.24,2022-11-28 00:00:54,transferencia
415,694,729,701.47,2022-05-02 20:00:52,transferencia
416,731,847,595.77,2022-10-08 22:48:32,transferencia
417,246,1610,591.9,2021-12-21 07:45:25,pago
418,155,1258,300.09,2022-07-09 00:12:34,pago
419,959,1774,507.42,2022-08-22 21:38:56,pago
420,297,7,595.52,2023-03-30 04:20:28,transferencia
421,45,308,633.79,2020-06-19 11:42:50,transferencia
422,414,1539,280.91,2021-12-20 00:49:15,pago
423,691,1587,118.28,2021-03-25 23:22:24,pago
424,68,1696,462.55,2020-11-29 13:56:46,pago
425,477,85,186.8,2023-07-12 21:32:09,transferencia
426,763,457,717.71,2023-01-19 22:17:35,transferencia
427,489,1245,618.42,2022-06-05 06:58:03,pago
428,158,621,825.31,2022-09-22 07:13:39,transferencia
429,190,693,624.04,2022-05-29 20:34:21,transferencia
430,565,75,649.89,2023-12-08 16:52:56,transferencia
431,763,733,433.94,2021-04-11 17:28:06,transferencia
432,842,1014,485.4,2022-02-15 17:33:59,pago
433,364,910,491.08,2021-12-23 02:45:21,transferencia
434,558,1848,643.03,2020-09-26 07:57:30,pago
435,103,1154,589.76,2021-06-26 21:15:08,pago
436,913,1764,373.02,2022-05-30 03:59:15,pago
437,146,103,629.08,2022-06-06 01:54:55,transferencia
438,666,1390,756.01,2023-04-26 20:57:38,pago
439,362,1491,167.31,2023-04-11 10:53:26,pago
440,399,561,813.96,2020-12-11 23:39:14,transferencia
441,327,985,884.56,2022-04-06 14:57:56,transferencia
442,73,1808,110.92,2021-03-05 23:56:28,pago
443,24,1841,623.15,2021-05-14 21:23:46,pago
444,153,1245,117.3,2021-06-06 10:59:44,pago
445,339,788,856.4,2022-05-02 18:18:50,transferencia
446,756,1925,322.8,2022-10-03 23:20:04,pago
447,913,396,224.52,2021-12-27 12:24:30,transferencia
448,808,932,450.97,2020-01-26 15:56:46,transferencia
449,990,483,377.08,2020-11-07 02:17:42,transferencia
450,534,46,786.43,2021-10-01 19:38:41,transferencia
451,750,786,935.03,2021-03-02 01:34:04,transferencia
452,747,432,284.69,2023-06-01 02:51:39,transferencia
453,782,780,55.91,2022-04-10 11:53:37,transferencia
454,616,1674,710.94,2021-05-08 13:13:51,pago
455,541,393,652.48,2021-09-04 06:22:14,transferencia
456,34,1448,999.06,2021-02-11 15:57:11,pago
457,321,1590,444.54,2022-03-28 22:58:48,pago
458,159,560,194.16,2023-05-03 19:40:30,transferencia
459,367,77,288.13,2023-09-28 00:30:55,transferencia
460,1,1548,552.34,2022-06-26 20:34:52,pago
461,894,1770,163.42,2023-10-20 22:47:58,pago
462,939,1187,594.37,2022-03-21 17:07:20,pago
463,233,1151,659.32,2023-04-26 14:32:37,pago
464,465,1060,499.09,2021-08-08 01:24:07,pago
465,549,1534,861.83,2023-09-12 11:06:01,pago
466,175,432,673.53,2022-07-20 06:28:31,transferencia
467,193,595,707.35,2023-11-23 23:11:20,transferencia
468,369,1393,598.12,2022-07-31 03:07:47,pago
469,824,1249,887.09,2020-11-14 04:04:58,pago
470,801,349,770.99,2023-01-22 19:08:33,transferencia
471,899,1146,218.46,2020-11-25 15:41:48,pago
472,31,330,236.75,2023-08-09 02:48:43,transferencia
473,746,798,670.35,2023-06-02 17:21:23,transferencia
474,848,263,120.67,2022-01-25 05:29:53,transferencia
475,798,1072,216.91,2021-12-11 02:20:08,pago
476,94,617,87.95,2020-09-21 13:05:53,transferencia
477,673,612,187.87,2023-07-23 18:07:16,transferencia
478,950,900,50.14,2023-12-30 22:59:00,transferencia
479,410,577,522.58,2021-06-30 18:30:39,transferencia
480,24,597,915.67,2021-02-16 13:42:47,transferencia
481,66,383,175.92,2023-05-16 14:46:47,transferencia
482,646,1245,240.71,2023-10-08 15:04:44,pago
483,156,1874,666.26,2022-07-11 11:36:55,pago
484,756,452,473.54,2022-04-26 08:23:05,transferencia
485,211,1513,166.22,2021-07-02 23:36:34,pago
486,384,1925,479.4,2021-05-11 08:35:49,pago
487,873,683,719.02,2022-10-04 22:22:05,transferencia
488,153,253,555.1,2020-02-29 06:16:49,transferencia
489,831,1519,675.87,2022-02-03 12:16:13,pago
490,811,1535,523.6,2022-04-24 20:17:27,pago
491,506,1936,173.99,2020-10-09 13:00:34,pago
492,163,216,952.01,2020-07-18 14:24:16,transferencia
493,480,1253,138.51,2023-05-29 21:19:38,pago
494,851,1379,783.43,2020-01-02 21:41:53,pago
495,361,369,904.88,2020-01-02 13:59:24,transferencia
496,786,94,400.76,2021-09-03 09:21:39,transferencia
497,393,870,298.13,2023-09-24 08:58:11,transferencia
498,416,1583,220.87,2020-11-08 01:08:25,pago
499,237,662,112.66,2023-11-14 16:14:51,transferencia
500,640,1596,987.73,2022-03-22 02:48:58,pago
501,929,1824,852.08,2023-01-23 15:28:49,pago
502,267,1822,296.86,2023-04-24 23:33:28,pago
503,953,821,309.1,2022-02-04 18:41:46,transferencia
504,783,1717,447.21,2023-10-10 05:11:12,pago
505,202,1291,867.57,2020-02-07 06:41:12,pago
506,244,133,485.45,2020-11-08 10:26:58,transferencia
507,903,1218,877.99,2021-07-25 04:03:42,pago
508,665,1166,884.61,2020-09-29 04:06:42,pago
509,681,1544,176.64,2022-11-13 02:55:03,pago
510,663,1411,988.34,2022-01-18 14:31:35,pago
511,812,1583,836.17,2022-04-03 05:38:07,pago
512,963,502,977.91,2021-09-23 06:53:55,transferencia
513,347,1603,282.84,2020-03-21 07:42:49,pago
514,544,463,501.51,2023-05-24 07:40:46,transferencia
515,472,896,115.87,2021-08-15 03:55:18,transferencia
516,463,37,422.29,2022-11-12 09:59:09,transferencia
517,339,1355,923.84,2022-09-15 07:22:02,pago
518,504,1474,891.93,2022-06-01 13:23:51,pago
519,160,838,965.81,2022-05-09 19:23:53,transferencia
520,630,1113,118.38,2021-02-23 12:03:29,pago
521,837,27,806.18,2020-11-22 17:20:50,transferencia
522,853,1287,156.29,2022-04-03 12:35:06,pago
523,294,835,757.73,2020-02-16 00:26:21,transferencia
524,370,267,187.01,2020-10-02 12:13:36,transferencia
525,897,1746,703.28,2023-05-10 20:09:10,pago
526,288,374,418.78,2021-12-10 06:51:40,transferencia
527,963,849,675.89,2021-07-18 23:42:25,transferencia
528,724,1614,361.88,2021-12-30 14:49:05,pago
529,899,1311,14.61,2022-05-23 21:41:25,pago
530,353,417,305.7,2020-10-17 21:07:40,transferencia
531,203,688,841.22,2022-08-25 10:02:44,transferencia
532,89,3,228.83,2020-06-28 23:28:04,transferencia
533,975,450,586.65,2020-12-19 19:57:55,transferencia
534,497,1357,576.31,2020-02-20 20:25:48,pago
535,773,266,222.72,2021-12-10 20:33:51,transferencia
536,840,1557,904.79,2020-08-08 02:25:05,pago
537,368,530,41.01,2022-03-09 00:39:27,transferencia
538,651,1525,610.0,2021-11-17 10:35:46,pago
539,474,1915,601.08,2020-01-09 04:21:44,pago
540,530,1425,669.41,2022-07-27 08:04:11,pago
541,631,323,737.61,2022-04-26 17:28:05,transferencia
542,394,390,154.0,2021-05-02 16:40:51,transferencia
543,961,796,637.71,2021-04-26 18:27:40,transferencia
544,897,211,338.66,2021-02-18 01:11:51,transferencia
545,868,104,973.88,2020-02-09 01:55:56,transferencia
546,253,629,512.83,2020-03-20 02:41:17,transferencia
547,927,363,208.06,2023-07-27 08:41:50,transferencia
548,339,279,904.77,2020-02-22 20:10:38,transferencia
549,202,624,295.14,2021-12-31 18:26:25,transferencia
550,104,970,271.08,2021-02-15 04:05:56,transferencia
551,406,332,280.58,2021-12-15 10:30:21,transferencia
552,62,1698,288.4,2021-08-03 13:59:05,pago
553,556,1103,357.02,2022-07-16 10:28:46,pago
554,734,103,696.43,2020-06-11 16:21:51,transferencia
555,159,1634,132.5,2021-12-03 17:03:50,pago
556,392,1957,781.88,2020-09-09 23:35:05,pago
557,180,1267,267.29,2020-05-17 02:22:03,pago
558,762,1250,786.7,2020-02-08 18:27:01,pago
559,859,991,894.01,2023-03-07 14:28:08,transferencia
560,638,121,349.03,2020-04-04 05:38:35,transferencia
561,49,1353,341.12,2023-09-26 12:30:32,pago
562,686,531,508.27,2022-01-04 09:24:15,transferencia
563,278,519,254.7,2020-03-04 04:56:38,transferencia
564,164,1229,691.85,2023-08-18 15:29:10,pago
565,60,141,645.2,2022-12-02 17:10:28,transferencia
566,700,1131,337.25,2020-02-14 07:53:21,pago
567,604,1275,583.14,2021-06-11 14:34:20,pago
568,329,1858,41.49,2022-03-06 15:02:25,pago
569,833,15,271.95,2020-10-26 03:06:33,transferencia
570,144,200,75.68,2021-08-11 08:50:49,transferencia
571,531,10,966.48,2022-05-29 01:52:42,transferencia
572,559,451,861.71,2020-07-13 03:57:29,transferencia
573,200,369,99.69,2023-06-26 00:21:08,transferencia
574,435,1136,999.7,2023-10-03 04:48:53,pago
575,104,387,459.59,2021-06-12 10:36:00,transferencia
576,506,1125,621.28,2021-10-22 10:42:53,pago
577,801,273,89.52,2022-05-18 15:37:30,transferencia
578,59,247,441.62,2021-12-31 06:11:24,transferencia
579,446,1701,164.79,2021-01-03 14:21:16,pago
580,125,1286,512.31,2020-11-01 10:00:49,pago
581,392,1962,189.38,2022-06-11 08:57:21,pago
582,858,1350,519.82,2020-10-22 11:15:50,pago
583,799,935,729.63,2023-09-03 03:09:24,transferencia
584,888,526,457.82,2021-04-16 06:35:28,transferencia
585,429,1419,545.14,2020-12-01 01:23:48,pago
586,246,912,835.4,2021-06-03 04:28:28,transferencia
587,734,1471,289.87,2023-12-01 02:05:52,pago
588,557,1878,341.74,2023-04-05 07:47:34,pago
589,316,220,319.33,2020-07-27 17:29:14,transferencia
590,800,1981,797.54,2021-12-29 01:43:35,pago
591,805,1604,825.51,2022-04-24 07:23:54,pago
592,669,1498,490.84,2020-11-09 01:30:28,pago
593,341,330,767.02,2022-02-26 18:23:13,transferencia
594,344,1402,760.8,2021-03-08 21:16:55,pago
595,736,1206,194.24,2021-09-07 01:53:25,pago
596,511,86,849.99,2020-08-12 04:03:56,transferencia
597,289,766,260.74,2021-03-17 00:21:35,transferencia
598,823,946,576.83,2022-11-17 02:46:14,transferencia
599,898,823,828.12,2022-05-30 10:52:14,transferencia
600,502,1481,514.67,2020-07-22 13:32:53,pago
601,720,1637,456.43,2020-04-04 22:09:28,pago
602,281,1040,394.38,2022-07-18 02:51:55,pago
603,936,1335,433.8,2023-08-20 19:37:18,pago
604,225,732,810.51,2023-08-14 23:06:43,transferencia
605,687,673,422.68,2021-10-01 12:40:57,transferencia
606,220,1221,898.27,2022-04-20 12:06:46,pago
607,297,252,29.93,2022-10-10 03:36:26,transferencia
608,350,1837,172.67,2022-09-02 03:18:20,pago
609,743,1809,609.56,2022-10-18 18:34:25,pago
610,934,111,780.82,2020-10-03 04:43:34,transferencia
611,789,1710,400.66,2020-02-20 21:39:55,pago
612,903,1906,93.86,2022-08-26 18:39:51,pago
613,94,1997,43.72,2023-03-26 22:36:04,pago
614,553,1178,914.24,2021-10-23 00:56:06,pago
615,955,1133,708.47,2020-11-12 09:17:17,pago
616,844,1759,394.12,2021-06-22 00:56:16,pago
617,53,1345,896.1,2021-11-21 09:13:14,pago
618,540,1165,178.07,2023-12-29 04:46:32,pago
619,328,1215,694.23,2021-10-23 23:16:20,pago
620,662,1294,263.59,2022-04-05 02:17:30,pago
621,553,1205,665.25,2023-07-14 21:05:26,pago
622,718,1029,902.22,2023-09-09 19:29:54,pago
623,381,208,750.25,2023-12-10 07:21:52,transferencia
624,269,1350,187.7,2021-10-26 01:49:45,pago
625,417,533,418.76,2020-12-09 05:35:19,transferencia
626,963,417,953.13,2021-04-15 22:51:27,transferencia
627,548,874,354.86,2020-04-03 20:30:00,transferencia
628,590,926,718.07,2022-01-20 15:39:29,transferencia
629,185,1247,295.92,2020-06-07 01:48:25,pago
630,709,1028,689.75,2020-02-21 17:40:49,pago
631,518,1725,529.08,2022-10-24 12:11:12,pago
632,451,594,586.68,2023-01-07 19:25:27,transferencia
633,308,1730,36.95,2023-07-09 23:53:10,pago
634,530,1309,733.74,2023-01-12 04:37:26,pago
635,351,815,101.33,2022-09-23 11:11:56,transferencia
636,395,1425,128.57,2021-09-04 05:24:18,pago
637,542,1015,581.41,2021-03-13 00:02:24,pago
638,404,489,854.32,2023-10-19 23:16:24,transferencia
639,477,721,542.65,2021-03-28 05:37:27,transferencia
640,299,1726,402.34,2021-04-28 06:39:05,pago
641,698,212,544.56,2023-05-14 14:43:29,transferencia
642,531,1605,903.16,2022-07-22 03:32:31,pago
643,824,281,336.34,2020-04-21 16:41:01,transferencia
644,1,737,228.29,2023-01-26 17:08:39,transferencia
645,957,410,305.34,2020-04-12 15:15:43,transferencia
646,644,1921,336.86,2021-09-17 07:12:32,pago
647,415,763,899.73,2022-01-29 11:52:22,transferencia
648,685,1765,213.13,2021-01-16 10:10:16,pago
649,785,614,683.95,2021-02-12 15:21:42,transferencia
650,646,107,682.31,2021-12-27 07:57:47,transferencia
651,611,1866,712.01,2021-06-23 05:41:38,pago
652,956,1676,670.01,2023-03-05 12:47:53,pago
653,880,852,189.81,2022-12-12 11:15:01,transferencia
654,962,1338,963.02,2022-10-03 05:52:05,pago
655,932,1189,625.3,2021-09-14 11:10:52,pago
656,685,508,574.91,2023-10-22 15:53:17,transferencia
657,922,967,505.89,2020-08-02 09:56:48,transferencia
658,412,131,726.35,2020-12-04 13:58:57,transferencia
659,850,1329,418.79,2020-04-07 03:00:57,pago
660,732,1072,324.57,2021-07-18 15:32:21,pago
661,650,1675,54.37,2022-09-27 04:06:56,pago
662,366,746,767.77,2022-12-31 12:04:48,transferencia
663,615,1215,866.31,2020-07-23 13:25:18,pago
664,37,1539,17.72,2022-05-06 08:36:09,pago
665,508,1162,975.06,2020-01-11 09:17:22,pago
666,889,124,465.62,2023-12-19 06:35:44,transferencia
667,734,1864,652.78,2021-08-12 14:46:23,pago
668,744,517,684.56,2021-12-25 06:05:15,transferencia
669,178,20,204.76,2020-06-07 07:17:37,transferencia
670,670,1075,586.26,2020-08-07 13:21:41,pago
671,392,1476,390.48,2022-03-29 14:17:53,pago
672,747,900,193.5,2023-12-28 09:22:19,transferencia
673,385,141,874.61,2020-02-07 10:45:05,transferencia
674,348,1640,657.8,2023-03-02 12:13:10,pago
675,679,1699,793.8,2022-03-24 03:09:16,pago
676,409,1684,754.87,2022-06-26 05:29:59,pago
677,541,40,954.04,2022-10-15 14:39:27,transferencia
678,731,1895,971.75,2021-02-17 23:47:55,pago
679,273,1302,170.16,2020-05-23 18:39:03,pago
680,935,364,641.02,2020-04-04 21:21:18,transferencia
681,883,958,523.0,2023-01-17 02:37:53,transferencia
682,221,1074,821.77,2021-09-03 00:51:21,pago
683,611,1183,442.18,2023-08-10 04:38:27,pago
684,247,555,253.27,2020-09-12 18:06:11,transferencia
685,77,1225,224.31,2021-09-11 22:38:30,pago
686,710,166,28.72,2020-07-10 03:54:24,transferencia
687,239,758,554.47,2021-03-30 01:39:49,transferencia
688,223,697,865.23,2022-06-22 21:39:06,transferencia
689,982,1951,321.96,2020-03-09 14:47:36,pago
690,112,1438,860.03,2022-09-05 01:50:59,pago
691,75,905,841.1,2023-07-17 01:45:24,transferencia
692,533,367,120.25,2021-06-18 09:21:44,transferencia
693,351,397,40.1,2022-01-23 21:34:37,transferencia
694,765,1418,784.47,2022-10-12 10:51:45,pago
695,430,1396,639.65,2022-02-06 15:32:28,pago
696,128,668,490.17,2021-09-19 18:48:00,transferencia
697,749,1298,513.72,2023-07-11 17:03:03,pago
698,10,560,282.96,2022-06-22 23:58:42,transferencia
699,420,1825,762.29,2023-03-01 05:12:18,pago
700,41,1848,657.1,2020-11-21 20:36:57,pago
701,628,1024,566.88,2021-03-27 20:30:28,pago
702,749,1299,102.2,2023-03-30 14:38:24,pago
703,116,577,343.1,2021-07-20 12:21:09,transferencia
704,780,527,394.73,2022-03-27 01:56:39,transferencia
705,341,600,370.38,2023-10-12 06:13:46,transferencia
706,809,1602,209.2,2023-08-22 01:11:34,pago
707,429,785,207.0,2021-11-03 22:16:15,transferencia
708,636,1410,730.28,2022-10-02 15:51:04,pago
709,321,1626,300.72,2022-04-19 14:53:51,pago
710,92,1279,54.72,2020-07-07 21:23:38,pago
711,927,443,574.6,2023-03-25 09:08:04,transferencia
712,588,10,235.97,2020-03-11 02:50:20,transferencia
713,960,1248,37.58,2020-01-26 07:05:51,pago
714,713,1818,905.26,2020-04-17 02:48:29,pago
715,182,1163,534.7,2020-01-30 01:34:05,pago
716,117,1060,716.75,2020-08-26 13:53:22,pago
717,568,1460,705.37,2021-01-01 19:01:21,pago
718,748,881,626.21,2020-03-14 20:09:45,transferencia
719,249,553,853.31,2023-06-19 23:13:08,transferencia
720,753,539,599.09,2022-01-21 04:38:31,transferencia
721,921,1903,41.81,2020-12-30 19:51:40,pago
722,796,832,370.1,2021-07-17 14:12:02,transferencia
723,262,301,166.45,2022-04-27 11:08:31,transferencia
724,288,1834,913.05,2023-04-02 01:46:23,pago
725,756,971,372.85,2023-11-07 02:31:52,transferencia
726,204,1832,762.71,2021-10-27 22:34:37,pago
727,792,633,656.64,2021-10-28 16:01:15,transferencia
728,298,138,515.56,2023-09-26 08:53:10,transferencia
729,200,1900,365.41,2020-03-31 06:49:22,pago
730,965,853,937.8,2020-06-12 09:15:55,transferencia
731,422,1545,752.88,2021-03-24 20:25:03,pago
732,650,1905,316.99,2021-12-04 21:41:51,pago
733,119,1714,785.77,2022-05-14 23:54:14,pago
734,167,1125,271.28,2020-02-20 05:07:07,pago
735,415,1125,453.63,2021-03-01 21:49:25,pago
736,149,1240,882.61,2023-05-26 15:21:23,pago
737,485,1686,444.43,2022-06-15 07:22:13,pago
738,260,1421,953.72,2022-08-17 06:09:44,pago
739,806,1833,80.37,2021-01-02 12:50:11,pago
740,210,1325,619.71,2023-02-24 23:45:08,pago
741,674,1601,667.84,2023-04-19 16:12:23,pago
742,205,1499,688.98,2021-09-11 14:00:12,pago
743,604,1859,495.87,2021-06-16 02:04:42,pago
744,929,879,371.86,2020-09-20 16:32:33,transferencia
745,995,1132,317.72,2020-02-05 08:08:31,pago
746,237,1343,444.63,2021-09-01 06:05:40,pago
747,4,1021,244.17,2022-08-10 20:26:45,pago
748,271,1069,351.81,2023-10-11 03:07:23,pago
749,831,1732,883.03,2022-03-10 00:37:50,pago
750,721,1432,567.85,2021-09-21 03:55:19,pago
751,716,980,856.25,2022-07-19 00:04:01,transferencia
752,778,1216,476.07,2022-11-06 07:11:22,pago
753,74,1356,171.05,2022-04-15 18:01:25,pago
754,379,476,585.29,2020-05-06 03:07:01,transferencia
755,849,1473,463.51,2021-10-15 06:45:11,pago
756,636,287,305.47,2022-06-27 22:41:05,transferencia
757,569,1335,597.51,2022-07-26 04:09:12,pago
758,1,1057,731.83,2022-07-10 21:44:37,pago
759,180,1631,694.4,2023-05-27 08:46:57,pago
760,89,289,86.04,2022-04-30 01:21:14,transferencia
761,168,1107,831.95,2022-02-04 14:55:35,pago
762,393,1552,516.28,2020-02-14 04:18:07,pago
763,497,1852,785.04,2021-07-06 11:00:35,pago
764,384,1104,677.67,2021-05-02 19:44:03,pago
765,312,221,193.33,2022-08-30 21:26:41,transferencia
766,280,1795,553.1,2020-04-21 04:10:45,pago
767,258,277,648.24,2020-08-12 09:14:43,transferencia
768,587,866,778.61,2021-06-18 03:44:47,transferencia
769,977,42,968.62,2022-07-28 08:39:36,transferencia
770,816,1187,835.1,2020-08-25 05:33:05,pago
771,334,79,772.63,2023-11-08 04:46:39,transferencia
772,73,37,801.06,2021-01-09 01:50:21,transferencia
773,881,585,825.55,2020-01-28 07:49:53,transferencia
774,780,1111,126.51,2023-11-28 16:38:25,pago
775,193,1704,693.75,2022-04-12 05:59:32,pago
776,304,1838,37.16,2022-09-28 09:25:48,pago
777,291,1083,849.63,2021-07-21 19:22:20,pago
778,161,292,461.55,2023-07-04 03:23:29,transferencia
779,97,1910,686.16,2021-07-11 15:38:47,pago
780,649,1740,701.12,2021-09-21 07:48:54,pago
781,268,216,142.62,2021-01-22 09:55:40,transferencia
782,340,1219,322.31,2021-01-09 12:36:14,pago
783,460,511,305.65,2022-07-26 03:41:14,transferencia
784,689,1265,491.96,2022-04-25 06:05:09,pago
785,600,817,274.4,2022-03-17 04:50:17,transferencia
786,780,175,142.24,2021-11-03 22:05:16,transferencia
787,713,1660,134.81,2021-06-08 12:28:56,pago
788,812,1965,145.9,2021-01-27 03:50:24,pago
789,888,1986,357.01,2023-12-24 10:00:34,pago
790,949,1216,850.38,2020-12-01 21:39:26,pago
791,374,133,674.81,2022-09-12 15:09:24,transferencia
792,20,824,463.8,2023-04-07 01:18:43,transferencia
793,50,605,632.03,2022-09-12 03:52:31,transferencia
794,542,731,157.27,2021-07-02 19:22:40,transferencia
795,583,704,824.62,2021-09-15 08:38:01,transferencia
796,404,284,536.67,2021-11-24 17:11:53,transferencia
797,405,60,553.94,2022-10-21 13:20:11,transferencia
798,22,1428,21.52,2021-12-27 22:25:11,pago
799,597,1599,687.24,2021-04-22 23:36:14,pago
800,512,1426,385.88,2020-01-10 17:11:31,pago
801,400,974,965.88,2021-07-05 04:36:58,transferencia
802,802,499,571.75,2022-08-29 17:53:33,transferencia
803,147,172,593.66,2022-11-14 06:53:03,transferencia
804,203,930,48.05,2020-11-13 14:26:22,transferencia
805,920,68,697.27,2020-02-10 10:14:18,transferencia
806,98,1809,502.92,2022-08-15 12:38:49,pago
807,870,1465,697.84,2023-12-28 00:46:43,pago
808,643,216,501.7,2022-09-14 07:02:00,transferencia
809,142,1126,337.39,2020-02-20 12:06:39,pago
810,223,885,264.09,2023-08-26 00:56:16,transferencia
811,484,745,266.79,2022-05-05 05:39:02,transferencia
812,33,1435,707.64,2021-09-03 12:57:23,pago
813,86,1142,715.95,2023-12-14 22:05:48,pago
814,345,130,855.31,2020-11-01 03:32:33,transferencia
815,222,84,616.82,2020-05-09 05:21:54,transferencia
816,943,1690,958.01,2021-04-25 16:09:12,pago
817,603,1406,380.38,2022-07-25 03:45:02,pago
818,306,1817,905.5,2022-05-05 06:16:55,pago
819,718,596,572.7,2020-05-11 05:02:40,transferencia
820,242,1552,124.4,2023-11-26 12:16:15,pago
821,858,527,612.83,2023-11-20 03:51:30,transferencia
822,136,385,635.97,2021-03-07 11:37:25,transferencia
823,47,554,361.94,2023-09-04 13:36:45,transferencia
824,357,1862,735.05,2023-11-03 03:28:03,pago
825,549,1117,583.18,2021-12-08 14:27:34,pago
826,448,807,533.51,2022-05-30 11:11:33,transferencia
827,666,1645,488.79,2023-09-13 05:03:08,pago
828,550,1039,554.22,2020-01-01 08:49:30,pago
829,728,1099,221.95,2020-09-03 08:00:56,pago
830,828,1329,861.07,2020-07-28 00:04:44,pago
831,860,462,898.78,2021-05-11 02:31:16,transferencia
832,347,1857,89.18,2023-06-21 18:55:27,pago
833,709,969,508.21,2023-09-21 11:44:44,transferencia
834,316,333,332.4,2022-08-12 03:42:09,transferencia
835,196,1573,210.42,2021-02-05 08:28:27,pago
836,521,1766,149.23,2023-06-03 16:22:20,pago
837,961,1433,236.81,2020-06-02 01:26:19,pago
838,375,220,902.08,2021-09-13 09:13:08,transferencia
839,821,1300,300.96,2021-12-21 22:36:06,pago
840,384,1002,351.16,2020-06-15 04:30:05,pago
841,545,1666,549.26,2020-10-18 09:30:35,pago
842,644,659,959.5,2023-03-02 19:01:07,transferencia
843,985,1106,583.83,2022-05-04 22:08:30,pago
844,437,646,930.59,2022-01-01 04:39:36,transferencia
845,435,301,374.14,2022-09-08 03:23:30,transferencia
846,710,1247,458.84,2021-08-04 10:48:54,pago
847,888,652,403.67,2023-07-16 19:48:31,transferencia
848,698,1053,966.63,2023-10-12 15:01:59,pago
849,455,1648,137.28,2023-11-11 12:40:09,pago
850,490,1642,952.87,2021-05-29 21:40:32,pago
851,16,1608,39.32,2020-09-20 14:40:44,pago
852,297,1247,775.77,2022-05-02 09:45:03,pago
853,430,1831,510.65,2023-10-12 14:23:08,pago
854,449,12,511.08,2022-02-23 04:21:35,transferencia
855,987,922,601.99,2022-01-07 07:45:53,transferencia
856,623,288,429.28,2022-03-04 15:56:46,transferencia
857,591,1937,487.26,2021-07-12 01:19:00,pago
858,267,817,94.59,2021-03-12 02:13:52,transferencia
859,692,952,453.96,2020-06-03 23:26:24,transferencia
860,843,322,664.84,2020-01-09 01:43:58,transferencia
861,374,508,949.58,2020-01-04 06:40:58,transferencia
862,346,1601,483.77,2021-05-24 05:51:18,pago
863,572,977,360.48,2020-12-29 12:42:18,transferencia
864,847,968,589.47,2020-11-23 13:13:03,transferencia
865,756,45,382.74,2020-09-30 17:20:58,transferencia
866,668,500,770.99,2020-09-03 02:26:40,transferencia
867,852,1261,385.7,2020-08-11 04:20:58,pago
868,367,1253,908.56,2020-12-07 21:38:52,pago
869,729,1230,78.16,2021-12-26 02:19:09,pago
870,450,273,49.85,2020-04-02 22:55:05,transferencia
871,540,784,988.89,2021-09-17 01:13:19,transferencia
872,68,1489,550.71,2020-01-19 20:42:02,pago
873,581,163,257.71,2022-11-27 00:55:58,transferencia
874,40,161,383.17,2020-06-02 11:02:59,transferencia
875,223,1766,48.03,2023-08-19 07:57:03,pago
876,766,172,716.68,2023-10-24 08:49:42,transferencia
877,88,367,47.44,2020-09-26 17:04:33,transferencia
878,436,699,290.41,2023-04-18 14:42:06,transferencia
879,391,590,156.8,2020-09-04 18:21:47,transferencia
880,601,1745,680.2,2021-08-03 01:25:16,pago
881,189,549,533.12,2021-06-03 03:17:50,transferencia
882,826,1908,664.26,2023-11-11 06:09:09,pago
883,741,1326,914.9,2020-01-15 11:47:42,pago
884,587,88,64.54,2022-04-21 10:47:44,transferencia
885,702,482,670.49,2022-02-12 22:54:00,transferencia
886,726,282,388.72,2021-01-09 19:15:05,transferencia
887,582,285,949.83,2020-07-23 03:42:48,transferencia
888,504,437,923.75,2023-02-24 13:49:34,transferencia
889,477,313,764.95,2021-01-15 00:43:30,transferencia
890,104,1982,411.65,2021-07-23 18:22:45,pago
891,723,818,922.05,2021-04-27 00:57:23,transferencia
892,109,1453,865.18,2021-07-22 11:02:04,pago
893,574,365,392.51,2023-10-17 12:01:56,transferencia
894,177,242,42.86,2020-03-08 06:57:36,transferencia
895,511,1815,147.08,2021-01-13 16:52:25,pago
896,980,1164,916.51,2020-11-13 05:09:20,pago
897,419,876,66.61,2021-02-04 04:23:03,transferencia
898,414,889,132.57,2020-10-24 01:56:15,transferencia
899,34,982,34.66,2020-08-15 22:34:17,transferencia
900,523,1532,397.7,2020-05-25 18:40:58,pago
901,948,1732,878.65,2023-03-01 18:54:54,pago
902,945,521,981.47,2020-10-20 02:04:35,transferencia
903,96,1103,175.24,2021-08-29 00:27:34,pago
904,73,1224,450.22,2020-08-01 11:25:04,pago
905,758,177,351.26,2021-08-05 09:27:22,transferencia
906,159,1666,326.82,2021-01-23 11:54:26,pago
907,670,261,479.89,2022-12-12 05:08:28,transferencia
908,938,1648,61.94,2023-09-20 01:27:11,pago
909,951,633,706.36,2020-11-12 01:16:52,transferencia
910,378,43,554.29,2022-01-24 05:18:32,transferencia
911,655,64,961.44,2020-11-17 12:01:17,transferencia
912,254,167,577.82,2021-04-13 06:58:38,transferencia
913,99,1200,588.5,2021-11-09 10:05:09,pago
914,426,1376,850.11,2020-05-28 15:31:25,pago
915,894,872,459.94,2022-03-05 07:59:37,transferencia
916,517,1350,176.79,2022-11-07 14:11:39,pago
917,32,2,218.63,2022-10-21 03:49:58,transferencia
918,966,883,261.26,2022-02-13 12:14:44,transferencia
919,925,954,364.59,2022-06-28 00:00:15,transferencia
920,997,429,474.34,2021-09-26 22:27:00,transferencia
921,465,965,443.1,2023-11-20 18:14:17,transferencia
922,738,258,532.55,2021-02-11 13:14:12,transferencia
923,236,886,194.41,2021-02-22 06:36:52,transferencia
924,589,613,901.69,2022-11-19 18:14:36,transferencia
925,179,1618,421.07,2020-04-26 04:43:59,pago
926,250,1535,68.16,2021-08-13 06:13:46,pago
927,296,1445,757.92,2023-07-22 05:53:59,pago
928,712,605,494.88,2022-01-01 07:34:14,transferencia
929,686,985,886.23,2022-05-03 12:16:17,transferencia
930,675,1710,420.75,2023-01-11 13:45:32,pago
931,979,210,101.41,2022-12-04 20:27:02,transferencia
932,661,624,986.64,2022-08-29 11:58:06,transferencia
933,659,1335,359.31,2023-08-25 14:37:33,pago
934,43,395,431.15,2020-11-23 08:24:07,transferencia
935,866,1546,470.63,2022-11-23 12:21:11,pago
936,917,380,41.48,2021-08-04 15:51:24,transferencia
937,884,1189,15.09,2021-09-20 05:24:04,pago
938,360,1144,767.54,2023-12-09 17:36:58,pago
939,285,1849,646.43,2020-04-22 03:20:57,pago
940,564,491,462.56,2022-03-16 22:01:50,transferencia
941,972,423,364.74,2023-10-31 11:45:02,transferencia
942,56,1433,979.09,2022-06-05 00:18:03,pago
943,135,599,870.57,2023-05-08 18:11:00,transferencia
944,467,354,898.08,2022-01-26 19:54:18,transferencia
945,619,1265,983.76,2022-12-15 09:27:30,pago
946,685,742,599.5,2022-02-15 06:57:39,transferencia
947,317,1093,317.61,2022-08-15 19:19:33,pago
948,760,421,459.32,2022-11-16 09:14:10,transferencia
949,908,1351,780.44,2023-07-07 08:44:35,pago
950,698,1379,82.5,2022-04-13 05:42:09,pago
951,725,529,990.02,2021-06-29 17:12:54,transferencia
952,839,1911,855.03,2020-09-26 14:45:21,pago
953,69,374,19.79,2021-07-05 06:45:32,transferencia
954,10,1479,162.99,2021-02-08 13:06:20,pago
955,753,179,160.65,2020-04-14 02:32:46,transferencia
956,484,1991,259.0,2021-07-05 02:20:38,pago
957,619,1127,559.37,2023-06-13 10:10:56,pago
958,439,68,701.62,2020-07-25 03:24:13,transferencia
959,179,1464,777.62,2022-11-21 14:07:30,pago
960,986,1430,219.62,2020-08-03 03:07:14,pago
961,827,91,416.25,2022-02-06 09:30:53,transferencia
962,71,1523,584.98,2020-01-23 10:18:59,pago
963,183,237,179.46,2021-07-15 00:18:37,transferencia
964,624,1272,10.43,2023-01-01 06:35:02,pago
965,664,1922,714.26,2023-09-30 07:38:53,pago
966,515,1000,120.44,2020-10-17 20:00:23,pago
967,351,157,505.24,2023-02-07 08:34:08,transferencia
968,867,685,655.74,2023-01-07 05:16:05,transferencia
969,74,852,754.9,2023-04-20 16:33:10,transferencia
970,707,1443,478.98,2023-03-31 20:33:45,pago
971,471,54,403.66,2022-09-11 15:17:57,transferencia
972,718,843,483.81,2022-02-14 03:59:04,transferencia
973,859,957,990.64,2023-07-16 09:42:04,transferencia
974,620,275,798.19,2020-05-14 12:29:30,transferencia
975,11,438,256.2,2022-07-05 14:29:44,transferencia
976,97,1548,133.68,2021-09-11 14:15:01,pago
977,178,1713,850.38,2020-10-26 03:47:01,pago
978,579,111,34.24,2022-01-07 17:29:21,transferencia
979,132,1362,986.03,2021-04-14 01:02:04,pago
980,143,787,857.08,2020-11-30 01:33:42,transferencia
981,19,355,775.44,2023-08-10 04:45:22,transferencia
982,495,1513,95.28,2021-02-14 22:04:12,pago
983,517,1402,580.92,2022-08-29 05:28:45,pago
984,140,1416,96.31,2021-07-17 20:17:58,pago
985,941,843,343.32,2020-05-24 02:12:34,transferencia
986,450,834,760.6,2020-05-30 21:53:49,transferencia
987,895,1303,341.79,2021-03-16 00:48:18,pago
988,538,1133,946.13,2023-07-20 15:35:16,pago
989,227,902,662.39,2023-09-26 11:58:16,transferencia
990,762,1284,488.84,2021-11-17 17:41:51,pago
991,659,1219,712.06,2021-04-30 14:24:32,pago
992,474,1432,333.88,2022-09-19 22:42:02,pago
993,452,431,348.7,2023-08-19 06:39:47,transferencia
994,164,213,25.21,2020-07-13 05:03:41,transferencia
995,111,863,93.56,2022-08-22 14:00:17,transferencia
996,508,868,489.82,2021-11-27 09:54:21,transferencia
997,878,739,538.71,2020-10-13 16:33:06,transferencia
998,686,1841,261.94,2021-02-22 01:29:32,pago
999,377,741,720.57,2022-08-25 01:51:25,transferencia
